<?xml version="1.0" encoding="UTF-8"?>
<project-private xmlns="http://www.netbeans.org/ns/project-private/1">
    <editor-bookmarks xmlns="http://www.netbeans.org/ns/editor-bookmarks/2" lastBookmarkId="0"/>
    <open-files xmlns="http://www.netbeans.org/ns/projectui-open-files/2">
        <group>
            <file>file:/C:/Users/Tony%20Lim/Documents/NetBeansProjects/BankingProject/src/bankingproject/Balance.java</file>
            <file>file:/C:/Users/Tony%20Lim/Documents/NetBeansProjects/BankingProject/src/bankingproject/SavingsAccount.java</file>
            <file>file:/C:/Users/Tony%20Lim/Documents/NetBeansProjects/BankingProject/src/bankingproject/CheckingAccount.java</file>
            <file>file:/C:/Users/Tony%20Lim/Documents/NetBeansProjects/BankingProject/src/bankingproject/MustangBanking.java</file>
            <file>file:/C:/Users/Tony%20Lim/Documents/NetBeansProjects/BankingProject/src/bankingproject/Account.java</file>
        </group>
    </open-files>
</project-private>
